user_input,retrieved_contexts,response,reference,faithfulness,answer_relevancy,llm_context_precision_with_reference,context_recall
The documentation explains how to set a 'Custom Login View' that users are redirected to when they try to access a protected page. Which specific Python class and attribute implements this configuration?,"['class LoginManager:\n    """"""This object is used to hold the settings used for logging in. Instances\n    of :class:`LoginManager` are *not* bound to specific apps, so you can\n    create one in the main body of your code and then bind it to your\n    app in a factory function.\n    """"""\n\n    def __init__(self, app=None, add_context_processor=True):\n        #: A class or factory function that produces an anonymous user, which\n        #: is used when no one is logged in.\n        self.anonymous_user = AnonymousUserMixin\n\n        #: The name of the view to redirect to when the user needs to log in.\n        #: (This can be an absolute URL as well, if your authentication\n        #: machinery is external to your application.)\n        self.login_view = None\n\n        #: Names of views to redirect to when the user needs to log in,\n        #: per blueprint. If the key value is set to None the value of\n        #: :attr:`login_view` will be used instead.\n        self.blueprint_login_views = {}', 'return decorated_view\n\n\ndef set_login_view(login_view, blueprint=None):\n    """"""\n    Sets the login view for the app or blueprint. If a blueprint is passed,\n    the login view is set for this blueprint on ``blueprint_login_views``.\n\n    :param login_view: The user object to log in.\n    :type login_view: str\n    :param blueprint: The blueprint which this login view should be set on.\n        Defaults to ``None``.\n    :type blueprint: object\n    """"""\n\n    num_login_views = len(current_app.login_manager.blueprint_login_views)\n    if blueprint is not None or num_login_views != 0:\n        (current_app.login_manager.blueprint_login_views[blueprint.name]) = login_view\n\n        if (\n            current_app.login_manager.login_view is not None\n            and None not in current_app.login_manager.blueprint_login_views\n        ):\n            (\n                current_app.login_manager.blueprint_login_views[None]\n            ) = current_app.login_manager.login_view', '.. attribute:: login_message\n\n      The message to flash when a user is redirected to the login page.\n\n   .. automethod:: unauthorized_handler\n\n   .. rubric:: `needs_refresh` Configuration\n\n   .. attribute:: refresh_view\n\n      The name of the view to redirect to when the user needs to\n      reauthenticate.\n\n   .. attribute:: needs_refresh_message\n\n      The message to flash when a user is redirected to the reauthentication\n      page.\n\n   .. automethod:: needs_refresh_handler\n\n\nLogin Mechanisms\n----------------\n.. data:: current_user\n\n   A proxy for the current user.\n\n.. autofunction:: login_fresh\n\n.. autofunction:: login_remembered\n\n.. autofunction:: login_user\n\n.. autofunction:: logout_user\n\n.. autofunction:: confirm_login\n\n\nProtecting Views\n----------------\n.. autofunction:: login_required\n\n.. autofunction:: fresh_login_required\n\n\nUser Object Helpers\n-------------------\n.. autoclass:: UserMixin\n   :members:\n\n.. autoclass:: AnonymousUserMixin\n   :members:', '__all__ = [\n    ""COOKIE_DURATION"",\n    ""COOKIE_HTTPONLY"",\n    ""COOKIE_NAME"",\n    ""COOKIE_SECURE"",\n    ""ID_ATTRIBUTE"",\n    ""LOGIN_MESSAGE"",\n    ""LOGIN_MESSAGE_CATEGORY"",\n    ""REFRESH_MESSAGE"",\n    ""REFRESH_MESSAGE_CATEGORY"",\n    ""LoginManager"",\n    ""AnonymousUserMixin"",\n    ""UserMixin"",\n    ""session_protected"",\n    ""user_accessed"",\n    ""user_loaded_from_cookie"",\n    ""user_loaded_from_request"",\n    ""user_logged_in"",\n    ""user_logged_out"",\n    ""user_login_confirmed"",\n    ""user_needs_refresh"",\n    ""user_unauthorized"",\n    ""FlaskLoginClient"",\n    ""confirm_login"",\n    ""current_user"",\n    ""decode_cookie"",\n    ""encode_cookie"",\n    ""fresh_login_required"",\n    ""login_fresh"",\n    ""login_remembered"",\n    ""login_required"",\n    ""login_url"",\n    ""login_user"",\n    ""logout_user"",\n    ""make_next_param"",\n    ""set_login_view"",\n]\n\n\ndef __getattr__(name):\n    if name == ""__version__"":\n        import importlib.metadata\n        import warnings']","The configuration is provided by the **`LoginManager`** class, via its **`login_view`** attribute. This attribute holds the name (or URL) of the custom view to which users are redirected when they attempt to access a protected page.",The custom login view is configured using the `login_view` attribute of the `LoginManager` class.,1.0,0.6195828490870725,0.99999999995,1.0
"According to the documentation, how should a custom user class behave if an invalid ID is passed to the `user_loader` callback? Which file handles removing that invalid ID from the active session if this scenario occurs?","['*Warning:* Make SURE to use the given command in the\n""How to generate good secret keys"" section to generate your own secret key.\nDO NOT use the example one.\n\nFor a complete understanding of available configuration keys, please refer to\nthe `source code`_.\n\nHow it Works\n============\nYou will need to provide a `~LoginManager.user_loader` callback. This callback\nis used to reload the user object from the user ID stored in the session. It\nshould take the `str` ID of a user, and return the corresponding user\nobject. For example::\n\n    @login_manager.user_loader\n    def load_user(user_id):\n        return User.get(user_id)\n\nIt should return `None` (**not raise an exception**) if the ID is not valid.\n(In that case, the ID will manually be removed from the session and processing\nwill continue.)\n\nYour User Class\n===============\nThe class that you use to represent users needs to implement these properties\nand methods:', 'return redirect(redirect_url)\n\n    def user_loader(self, callback):\n        """"""\n        This sets the callback for reloading a user from the session. The\n        function you set should take a user ID (a ``str``) and return a\n        user object, or ``None`` if the user does not exist.\n\n        :param callback: The callback for retrieving a user object.\n        :type callback: callable\n        """"""\n        self._user_callback = callback\n        return self.user_callback\n\n    @property\n    def user_callback(self):\n        """"""Gets the user_loader callback set by user_loader decorator.""""""\n        return self._user_callback\n\n    def request_loader(self, callback):\n        """"""\n        This sets the callback for loading a user from a Flask request.\n        The function you set should take Flask request object and\n        return a user object, or `None` if the user does not exist.', ""Alternative Tokens\n==================\nUsing the user ID as the value of the remember token means you must change the\nuser's ID to invalidate their login sessions. One way to improve this is to use\nan alternative user id instead of the user's ID. For example::\n\n    @login_manager.user_loader\n    def load_user(user_id):\n        return User.query.filter_by(alternative_id=user_id).first()\n\nThen the `~UserMixin.get_id` method of your User class would return the\nalternative id instead of the user's primary ID::\n\n    def get_id(self):\n        return str(self.alternative_id)\n\nThis way you are free to change the user's alternative id to a new randomly\ngenerated value when the user changes their password, which would ensure their\nold authentication sessions will cease to be valid. Note that the alternative\nid must still uniquely identify the user... think of it as a second user ID."", '@self.login_manager.user_loader\n        def load_user(user_id):\n            return USERS[int(user_id)]\n\n        @self.login_manager.request_loader\n        def load_user_from_request(request):\n            user_id = request.args.get(""user_id"")\n            try:\n                user_id = int(float(user_id))\n            except TypeError:\n                pass\n            return USERS.get(user_id)\n\n        @self.app.route(""/empty_session"")\n        def empty_session():\n            return f""modified={session.modified}""\n\n        # This will help us with the possibility of typos in the tests. Now\n        # we shouldn\'t have to check each response to help us set up state\n        # (such as login pages) to make sure it worked: we will always\n        # get an exception raised (rather than return a 404 response)\n        @self.app.errorhandler(404)\n        def handle_404(e):\n            raise e\n\n        unittest.TestCase.setUp(self)']","According to the documentation, the **`user_loader` callback must never raise an exception** when it receives an ID that does not correspond to a valid user.  
Instead, it should simply return **`None`**. When `None` is returned, Flask‑Login knows that the stored ID is no longer valid and will automatically delete that ID from the session.

The code that actually performs the removal lives in Flask‑Login’s core module – **`flask_login/__init__.py`** (specifically in the `_load_user_from_session` routine). This routine checks the value returned by the `user_loader`; if it is `None`, it removes the stale user‑ID entry from the active session.",The documentation specifies that the callback must return `None` instead of raising an exception if the ID is invalid. The framework's core configuration code then automatically removes the ID from the session and continues processing.,0.42857142857142855,0.6813061757719645,0.9999999999,1.0
"If a developer wants to authenticate users via an API token passed through a header parameter instead of using traditional cookies, what specific callback decorator must they define? Provide a brief code reference showing how it accesses the request data.","[':param callback: The callback for retrieving a user object.\n        :type callback: callable\n        """"""\n        self._request_callback = callback\n        return self.request_callback\n\n    @property\n    def request_callback(self):\n        """"""Gets the request_loader callback set by request_loader decorator.""""""\n        return self._request_callback\n\n    def unauthorized_handler(self, callback):\n        """"""\n        This will set the callback for the `unauthorized` method, which among\n        other things is used by `login_required`. It takes no arguments, and\n        should return a response to be sent to the user instead of their\n        normal view.\n\n        :param callback: The callback for unauthorized users.\n        :type callback: callable\n        """"""\n        self.unauthorized_callback = callback\n        return callback', 'return redirect(redirect_url)\n\n    def user_loader(self, callback):\n        """"""\n        This sets the callback for reloading a user from the session. The\n        function you set should take a user ID (a ``str``) and return a\n        user object, or ``None`` if the user does not exist.\n\n        :param callback: The callback for retrieving a user object.\n        :type callback: callable\n        """"""\n        self._user_callback = callback\n        return self.user_callback\n\n    @property\n    def user_callback(self):\n        """"""Gets the user_loader callback set by user_loader decorator.""""""\n        return self._user_callback\n\n    def request_loader(self, callback):\n        """"""\n        This sets the callback for loading a user from a Flask request.\n        The function you set should take Flask request object and\n        return a user object, or `None` if the user does not exist.', ""For example, to support login from both a url argument and from Basic Auth\nusing the `Authorization` header::\n\n    @login_manager.request_loader\n    def load_user_from_request(request):\n\n        # first, try to login using the api_key url arg\n        api_key = request.args.get('api_key')\n        if api_key:\n            user = User.query.filter_by(api_key=api_key).first()\n            if user:\n                return user\n\n        # next, try to login using Basic Auth\n        api_key = request.headers.get('Authorization')\n        if api_key:\n            api_key = api_key.replace('Basic ', '', 1)\n            try:\n                api_key = base64.b64decode(api_key)\n            except TypeError:\n                pass\n            user = User.query.filter_by(api_key=api_key).first()\n            if user:\n                return user\n\n        # finally, return None if both methods did not login the user\n        return None"", ""@login_manager.unauthorized_handler\n    def unauthorized():\n        # do stuff\n        return a_response\n\nFor example: You are using Flask Login with Flask Restful.\nIn your API (blueprint named as api) you don't wanna redirect to login page but return Unauthorized status code .::\n\n    from flask import redirect, url_for, request\n    from http import HTTPStatus\n    @login_manager.unauthorized_handler\n    def unauthorized():\n        if request.blueprint == 'api':\n            abort(HTTPStatus.UNAUTHORIZED)\n        return redirect(url_for('site.login'))\n\n\nCustom Login using Request Loader\n=================================\nSometimes you want to login users without using cookies, such as using header\nvalues or an api key passed as a query argument. In these cases, you should use\nthe `~LoginManager.request_loader` callback. This callback should behave the\nsame as your `~LoginManager.user_loader` callback, except that it accepts the\nFlask request instead of a user_id.""]","To load a user from an API token that is sent in a request header you must define a **request‑loader** callback:

```python
@login_manager.request_loader
def load_user_from_request(request):
    # token supplied in a custom header, e.g. “X‑API‑Token”
    token = request.headers.get('X-API-Token')
    if token:
        return User.query.filter_by(api_token=token).first()
    return None
```

The `@login_manager.request_loader` decorator registers a function that receives the Flask `request` object, lets you read headers (or query args, etc.), and returns the corresponding user (or `None`). This replaces the normal cookie‑based login for API calls.","Developers should use the `@login_manager.request_loader` callback instead of a standard user loader. Unlike `user_loader` which expects a string ID, the `request_loader` callback accepts the active Flask `request` object directly, allowing the code to pull keys from `request.headers.get('Authorization')`.",1.0,0.5868591950382932,0.6388888888675925,1.0
Trace the execution flow when the `@login_required` decorator is triggered by an unauthenticated user. Which function is called to handle the unauthorized request?,"[':param callback: The callback for retrieving a user object.\n        :type callback: callable\n        """"""\n        self._request_callback = callback\n        return self.request_callback\n\n    @property\n    def request_callback(self):\n        """"""Gets the request_loader callback set by request_loader decorator.""""""\n        return self._request_callback\n\n    def unauthorized_handler(self, callback):\n        """"""\n        This will set the callback for the `unauthorized` method, which among\n        other things is used by `login_required`. It takes no arguments, and\n        should return a response to be sent to the user instead of their\n        normal view.\n\n        :param callback: The callback for unauthorized users.\n        :type callback: callable\n        """"""\n        self.unauthorized_callback = callback\n        return callback', 'def test_unauthorized_uses_authorized_handler(self):\n        @self.login_manager.unauthorized_handler\n        def _callback():\n            return Response(""This is secret!"", 401)\n\n        with self.app.test_client() as c:\n            result = c.get(""/secret"")\n            self.assertEqual(result.status_code, 401)\n            self.assertEqual(""This is secret!"", result.data.decode(""utf-8""))\n\n    def test_unauthorized_aborts_with_401(self):\n        with self.app.test_client() as c:\n            result = c.get(""/secret"")\n            self.assertEqual(result.status_code, 401)\n\n    def test_unauthorized_redirects_to_login_view(self):\n        self.login_manager.login_view = ""login""\n\n        @self.app.route(""/login"")\n        def login():\n            return ""Login Form Goes Here!""\n\n        with self.app.test_client() as c:\n            result = c.get(""/secret"")\n            self.assertEqual(result.status_code, 302)\n            self.assertEqual(result.location, ""/login?next=%2Fsecret"")', 'If :attr:`LoginManager.login_view` is not defined, then it will simply\n        raise a HTTP 401 (Unauthorized) error instead.\n\n        This should be returned from a view or before/after_request function,\n        otherwise the redirect will have no effect.\n        """"""\n        user_unauthorized.send(current_app._get_current_object())\n\n        if self.unauthorized_callback:\n            return self.unauthorized_callback()\n\n        if request.blueprint in self.blueprint_login_views:\n            login_view = self.blueprint_login_views[request.blueprint]\n        else:\n            login_view = self.login_view\n\n        if not login_view:\n            abort(401)', 'Behaves identically to the :func:`login_required` decorator with respect\n    to configuration variables.\n\n    .. Note ::\n\n        Per `W3 guidelines for CORS preflight requests\n        <http://www.w3.org/TR/cors/#cross-origin-request-with-preflight-0>`_,\n        HTTP ``OPTIONS`` requests are exempt from login checks.\n\n    :param func: The view function to decorate.\n    :type func: function\n    """"""\n\n    @wraps(func)\n    def decorated_view(*args, **kwargs):\n        if request.method in EXEMPT_METHODS:\n            pass\n        elif not current_user.is_authenticated:\n            return current_app.login_manager.unauthorized()\n        elif not login_fresh():\n            return current_app.login_manager.needs_refresh()\n        try:\n            # current_app.ensure_sync available in Flask >= 2.0\n            return current_app.ensure_sync(func)(*args, **kwargs)\n        except AttributeError:  # pragma: no cover\n            return func(*args, **kwargs)\n\n    return decorated_view']","When a view that has been wrapped with **`@login_required`** is called and the current user is **not authenticated**, the decorator’s inner function (`decorated_view`) detects this condition:

```python
elif not current_user.is_authenticated:
    return current_app.login_manager.unauthorized()
```

Thus the **`LoginManager.unauthorized()`** method is invoked.  
`LoginManager.unauthorized()` is the function that actually builds the response for an unauthenticated request—it either runs a user‑provided `unauthorized_callback`, redirects to the configured `login_view`, or aborts with a 401 error if no view is set.  

So, the unauthorized request is handled by **`LoginManager.unauthorized()`**.","When `@login_required` is triggered by an anonymous user, it calls the `LoginManager.unauthorized()` method, which in turn flashes a message and redirects the user to the configured `login_view`.",1.0,0.6793712369772019,0.249999999975,1.0
"When a login session protection check fails in `strong` mode for a non-permanent session, what exact cleanup actions occur on the session dictionary, and what specific Flask signal is triggered?","['def _session_protection_failed(self):\n        sess = session._get_current_object()\n        ident = self._session_identifier_generator()\n\n        app = current_app._get_current_object()\n        mode = app.config.get(""SESSION_PROTECTION"", self.session_protection)\n\n        if not mode or mode not in [""basic"", ""strong""]:\n            return False\n\n        # if the sess is empty, it\'s an anonymous user or just logged out\n        # so we can skip this\n        if sess and ident != sess.get(""_id"", None):\n            if mode == ""basic"" or sess.permanent:\n                if sess.get(""_fresh"") is not False:\n                    sess[""_fresh""] = False\n                session_protected.send(app)\n                return False\n            elif mode == ""strong"":\n                for k in SESSION_KEYS:\n                    sess.pop(k, None)\n\n                sess[""_remember""] = ""clear""\n                session_protected.send(app)\n                return True\n\n        return False', '.. data:: session_protected\n\n   Sent whenever session protection takes effect, and a session is either\n   marked non-fresh or deleted. It receives no additional arguments besides\n   the app.\n\n.. _source code: https://github.com/maxcountryman/flask-login/tree/main/src/flask_login\n.. _Flask documentation on signals: https://flask.palletsprojects.com/en/latest/signals/\n.. _this Flask Snippet: https://web.archive.org/web/20120517003641/http://flask.pocoo.org/snippets/62/\n.. _Flask Session: https://flask.palletsprojects.com/en/latest/api/#sessions\n.. _Flask documentation on sessions: https://flask.palletsprojects.com/en/latest/quickstart/#sessions', 'If the identifiers do not match in `strong` mode for a non-permanent session,\nthen the entire session (as well as the remember token if it exists) is\ndeleted.\n\n\nDisabling Session Cookie for APIs\n=================================\nWhen authenticating to APIs, you might want to disable setting the Flask\nSession cookie. To do this, use a custom session interface that skips saving\nthe session depending on a flag you set on the request. For example::\n\n    from flask import g\n    from flask.sessions import SecureCookieSessionInterface\n    from flask_login import user_loaded_from_request\n\n    @user_loaded_from_request.connect\n    def user_loaded_from_request(app, user=None):\n        g.login_via_request = True', 'def test_session_protection_strong_deletes_session(self):\n        self.app.config[""SESSION_PROTECTION""] = ""strong""\n        with self.app.test_client() as c:\n            # write some unrelated data in the session, to ensure it does not\n            # get destroyed\n            with c.session_transaction() as sess:\n                sess[""foo""] = ""bar""\n            c.get(""/login-notch-remember"")\n            username_result = c.get(""/username"", headers=[(""User-Agent"", ""different"")])\n            self.assertEqual(""Anonymous"", username_result.data.decode(""utf-8""))\n            with c.session_transaction() as sess:\n                self.assertIn(""foo"", sess)\n                self.assertEqual(""bar"", sess[""foo""])\n\n    def test_session_protection_strong_fires_signal_user_agent(self):\n        self.app.config[""SESSION_PROTECTION""] = ""strong""']","When the check in **strong** mode determines that the session identifier does not match **and the session is not permanent**, Flask‑Login treats the session as compromised. It then performs the following exact operations on the session dictionary:

1. **Removes every key that is part of the login‑session bookkeeping** – it iterates over `SESSION_KEYS` (the list of keys Flask‑Login uses such as `_user_id`, `_fresh`, `_id`, etc.) and does  
   ```python
   for k in SESSION_KEYS:
       sess.pop(k, None)
   ```
   This clears the user‑id, freshness flag, session identifier, etc.

2. **Clears any “remember‑me” token** by setting the special key used for that purpose to the sentinel value `""clear""`:  
   ```python
   sess[""_remember""] = ""clear""
   ```

No other data that the application may have stored in the session is touched; any unrelated keys (e.g., `sess[""foo""] = ""bar""` in the test) remain intact.

After performing this cleanup, Flask‑Login emits the **`session_protected`** signal:

```python
session_protected.send(app)
```

Thus, the exact cleanup actions are the removal of all `SESSION_KEYS` entries and setting `""_remember""` to `""clear""`, and the signal that is triggered is the `session_protected` Flask signal.","In `strong` mode, if session protection fails, the system iterates through `SESSION_KEYS` and pops each key from the session dictionary to completely wipe it. It also sets `session['_remember'] = 'clear'`. Finally, it triggers the `session_protected` signal.",0.875,0.7341678183768328,0.9999999999,1.0
Trace the data flow of `encode_cookie()`. What standard hashing algorithm and helper methodology are used to protect the user ID payload from being altered by client-side cookie tampering?,"['import hmac\nfrom functools import wraps\nfrom hashlib import sha512\nfrom urllib.parse import parse_qs\nfrom urllib.parse import urlencode\nfrom urllib.parse import urlsplit\nfrom urllib.parse import urlunsplit\n\nfrom flask import current_app\nfrom flask import g\nfrom flask import has_request_context\nfrom flask import request\nfrom flask import session\nfrom flask import url_for\nfrom werkzeug.local import LocalProxy\n\nfrom .config import COOKIE_NAME\nfrom .config import EXEMPT_METHODS\nfrom .signals import user_logged_in\nfrom .signals import user_logged_out\nfrom .signals import user_login_confirmed\n\n#: A proxy for the current user. If no user is logged in, this will be an\n#: anonymous user\ncurrent_user = LocalProxy(lambda: _get_user())\n\n\ndef encode_cookie(payload, key=None):\n    """"""\n    This will encode a ``str`` value into a cookie, and sign that cookie\n    with the app\'s secret key.\n\n    :param payload: The value to encode, as `str`.\n    :type payload: str', ':param payload: The value to encode, as `str`.\n    :type payload: str\n\n    :param key: The key to use when creating the cookie digest. If not\n                specified, the SECRET_KEY value from app config will be used.\n    :type key: str\n    """"""\n    return f""{payload}|{_cookie_digest(payload, key=key)}""\n\n\ndef decode_cookie(cookie, key=None):\n    """"""\n    This decodes a cookie given by `encode_cookie`. If verification of the\n    cookie fails, ``None`` will be implicitly returned.\n\n    :param cookie: An encoded cookie.\n    :type cookie: str\n\n    :param key: The key to use when creating the cookie digest. If not\n                specified, the SECRET_KEY value from app config will be used.\n    :type key: str\n    """"""\n    try:\n        payload, digest = cookie.rsplit(""|"", 1)\n        if hasattr(digest, ""decode""):\n            digest = digest.decode(""ascii"")  # pragma: no cover\n    except ValueError:\n        return', 'with app.test_request_context():\n            self.assertEqual(COOKIE, encode_cookie(""1""))\n            self.assertEqual(""1"", decode_cookie(COOKIE))\n            self.assertIsNone(decode_cookie(""Foo|BAD_BASH""))\n            self.assertIsNone(decode_cookie(""no bar""))\n\n    def test_cookie_encoding_with_key(self):\n        app = Flask(__name__)\n        app.config[""SECRET_KEY""] = ""not-used""\n        key = ""deterministic""\n\n        # COOKIE = u\'1|7d276051c1eec578ed86f6b8478f7f7d803a7970\'\n\n        # Due to the restriction of 80 chars I have to break up the hash in two\n        h1 = ""0e9e6e9855fbe6df7906ec4737578a1d491b38d3fd5246c1561016e189d6516""\n        h2 = ""043286501ca43257c938e60aad77acec5ce916b94ca9d00c0bb6f9883ae4b82""\n        h3 = ""ae""\n        COOKIE = ""1|"" + h1 + h2 + h3', 'current_app.login_manager.login_view = None\n    else:\n        current_app.login_manager.login_view = login_view\n\n\ndef _get_user():\n    if has_request_context():\n        if ""_login_user"" not in g:\n            current_app.login_manager._load_user()\n\n        return g._login_user\n\n    return None\n\n\ndef _cookie_digest(payload, key=None):\n    key = _secret_key(key)\n\n    return hmac.new(key, payload.encode(""utf-8""), sha512).hexdigest()\n\n\ndef _create_identifier():\n    h = sha512()\n    h.update(f""{request.remote_addr}|{request.user_agent.string}"".encode())\n    return h.hexdigest()\n\n\ndef _user_context_processor():\n    return dict(current_user=_get_user())\n\n\ndef _secret_key(key=None):\n    if key is None:\n        key = current_app.config[""SECRET_KEY""]\n\n    if isinstance(key, str):  # pragma: no cover\n        key = key.encode(""latin1"")  # ensure bytes\n\n    return key']","`encode_cookie()` builds the cookie value as  

```
payload | _cookie_digest(payload, key)
```

The helper `_cookie_digest()` creates a **keyed HMAC** of the payload:

```python
def _cookie_digest(payload, key=None):
    key = _secret_key(key)                     # secret key from the app
    return hmac.new(key,
                    payload.encode('utf‑8'),
                    sha512).hexdigest()       # ← SHA‑512 hash
```

So the payload (the user‑ID string) is protected by:

* **Standard hashing algorithm:** **SHA‑512** (from `hashlib.sha512`).
* **Helper methodology:** an **HMAC** (Hash‑based Message Authentication Code) built with the app’s secret key.

The resulting HMAC digest is appended to the payload, and `decode_cookie()` later verifies that the digest matches, preventing the client from altering the user‑ID without detection.",`encode_cookie()` accepts a string payload and generates a secure cryptographic signature using `_cookie_digest()`. It calculates an HMAC signature using the `SHA-512` hashing function combined with the application's configured `SECRET_KEY`. The final cookie format concatenates the raw payload and the digest using a pipe (`|`) character as a separator.,0.5,0.726311387241208,0.7499999999625,1.0
"When a user triggers the `logout_user()` function, what exact keys are popped out of the Flask session dictionary, and how does the application signal to the browser that the 'remember me' cookie must be deleted?","['current_app.login_manager._update_request_context_with_user(user)\n    user_logged_in.send(current_app._get_current_object(), user=_get_user())\n    return True\n\n\ndef logout_user():\n    """"""\n    Logs a user out. (You do not need to pass the actual user.) This will\n    also clean up the remember me cookie if it exists.\n    """"""\n\n    user = _get_user()\n\n    if ""_user_id"" in session:\n        session.pop(""_user_id"")\n\n    if ""_fresh"" in session:\n        session.pop(""_fresh"")\n\n    if ""_id"" in session:\n        session.pop(""_id"")\n\n    cookie_name = current_app.config.get(""REMEMBER_COOKIE_NAME"", COOKIE_NAME)\n    if cookie_name in request.cookies:\n        session[""_remember""] = ""clear""\n        if ""_remember_seconds"" in session:\n            session.pop(""_remember_seconds"")\n\n    user_logged_out.send(current_app._get_current_object(), user=user)\n\n    current_app.login_manager._update_request_context_with_user()\n    return True', '# Load user from Flask Session\n        user_id = session.get(""_user_id"")\n        if user_id is not None and self._user_callback is not None:\n            user = self._user_callback(user_id)\n\n        # Load user from Remember Me Cookie or Request Loader\n        if user is None:\n            config = current_app.config\n            cookie_name = config.get(""REMEMBER_COOKIE_NAME"", COOKIE_NAME)\n            has_cookie = cookie_name in request.cookies and session.get(""_remember"") != ""clear""\n            if has_cookie:\n                cookie = request.cookies[cookie_name]\n                user = self._load_user_from_remember_cookie(cookie)\n            elif self._request_callback:\n                user = self._load_user_from_request(request)\n\n        return self._update_request_context_with_user(user)\n\n    def _session_protection_failed(self):\n        sess = session._get_current_object()\n        ident = self._session_identifier_generator()', 'from flask.signals import Namespace\n\n_signals = Namespace()\n\n#: Sent when a user is logged in. In addition to the app (which is the\n#: sender), it is passed `user`, which is the user being logged in.\nuser_logged_in = _signals.signal(""logged-in"")\n\n#: Sent when a user is logged out. In addition to the app (which is the\n#: sender), it is passed `user`, which is the user being logged out.\nuser_logged_out = _signals.signal(""logged-out"")\n\n#: Sent when the user is loaded from the cookie. In addition to the app (which\n#: is the sender), it is passed `user`, which is the user being reloaded.\nuser_loaded_from_cookie = _signals.signal(""loaded-from-cookie"")\n\n#: Sent when the user is loaded from the request. In addition to the app (which\n#: is the #: sender), it is passed `user`, which is the user being reloaded.\nuser_loaded_from_request = _signals.signal(""loaded-from-request"")', 'login_manager.anonymous_user = MyAnonymousUser\n\n\nRemember Me\n===========\nBy default, when the user closes their browser the Flask Session is deleted\nand the user is logged out. ""Remember Me"" prevents the user from accidentally\nbeing logged out when they close their browser. This does **NOT** mean\nremembering or pre-filling the user\'s username or password in a login form\nafter the user has logged out.']","When **`logout_user()`** runs it touches the Flask‑session in three places:

| Action | What happens to the session |
|--------|-----------------------------|
| **User‑id cleanup** | If the key **`""_user_id""`** exists it is removed with `session.pop(""_user_id"")`. |
| **Fresh‑login flag** | If the key **`""_fresh""`** exists it is removed with `session.pop(""_fresh"")`. |
| **Internal “_id” flag** | If the key **`""_id""`** exists it is removed with `session.pop(""_id"")`. |
| **Remember‑me handling** | If the request contains the remember‑me cookie, the code does **not** pop a key; instead it writes a marker into the session: `session[""_remember""] = ""clear""`.  It also removes the auxiliary key **`""_remember_seconds""`** (if present) with `session.pop(""_remember_seconds"")`. |

### Signalling the browser to delete the “remember me” cookie

The presence of the special session entry `""_remember""` with the value **`""clear""`** is the signal that Flask‑Login uses to tell the response‑generation code to clear the remember‑me cookie. When the request finishes, Flask‑Login’s response‑processing logic sees `session[""_remember""] == ""clear""` and sends a `Set‑Cookie` header with an expiration date in the past (or a max‑age of 0), which causes the browser to delete the cookie.

So, in short:

* **Popped keys:** `""_user_id""`, `""_fresh""`, `""_id""` (and optionally `""_remember_seconds""` if it exists).  
* **Remember‑me deletion signal:** setting `session[""_remember""] = ""clear""` (plus removing `""_remember_seconds""`), which later results in the remember‑me cookie being cleared in the HTTP response.","`logout_user()` structurally removes `_user_id`, `_fresh`, and `_id` from the active session dictionary if they exist. If a remember cookie is present, it updates the session by setting `session['_remember'] = 'clear'`, which subsequently causes `_update_remember_cookie()` to invoke `_clear_cookie()` during the request teardown phase.",0.6153846153846154,0.8372816723558291,0.9999999999,1.0
What is the primary mechanism `flask-login` uses to remember a user's session across different requests?,"['===========\nFlask-Login\n===========\n.. currentmodule:: flask_login\n\nFlask-Login provides user session management for Flask. It handles the common\ntasks of logging in, logging out, and remembering your users\' sessions over\nextended periods of time.\n\nIt will:\n\n- Store the active user\'s ID in the `Flask Session`_, and let you easily log\n  them in and out.\n- Let you restrict views to logged-in (or logged-out) users. (`login_required`)\n- Handle the normally-tricky ""remember me"" functionality.\n- Help protect your users\' sessions from being stolen by cookie thieves.\n\nHowever, it does not:\n\n- Impose a particular database or other storage method on you. You are\n  entirely in charge of how the user is loaded.\n- Restrict you to using usernames and passwords, OpenIDs, or any other method\n  of authenticating.\n- Handle permissions beyond ""logged in or not.""\n- Handle user registration or account recovery.\n\n\nInstallation\n============\nInstall the extension with pip::\n\n    $ pip install flask-login', '# Flask-Login\n\nFlask-Login provides user session management for [Flask][]. It handles the common\ntasks of logging in, logging out, and remembering your users\' sessions over\nextended periods of time.\n\nFlask-Login is not bound to any particular database system or permissions\nmodel. The only requirement is that your user objects implement a few methods,\nand that you provide a callback to the extension capable of loading users from\ntheir ID.\n\nRead the documentation at <https://flask-login.readthedocs.io>.\n\n[Flask]: https://flask.palletsprojects.com\n\n\n## A Basic Example\n\nLet\'s walk through setting up a basic application. Note that this is a very basic guide:\nwe will be taking shortcuts here that you should never take in a real application.\n\nTo begin we\'ll set up a Flask app and a `LoginManager` from Flask-Login.\n\n```python\nimport flask\nimport flask_login\n\napp = flask.Flask(__name__)\napp.secret_key = ""super secret string""  # Change this!', '""Remember Me"" functionality can be tricky to implement. However, Flask-Login\nmakes it nearly transparent - just pass ``remember=True`` to the `login_user`\ncall. A cookie will be saved on the user\'s computer, and then Flask-Login\nwill automatically restore the user ID from that cookie if it is not in the\nsession. The amount of time before the cookie expires can be set with the\n`REMEMBER_COOKIE_DURATION` configuration or it can be passed to `login_user`.\nThe cookie is tamper-proof, so if the user tampers with it (i.e.\ninserts someone else\'s user ID in place of their own), the cookie will merely\nbe rejected, as if it was not there.\n\nThat level of functionality is handled automatically. However, you can (and\nshould, if your application handles any kind of sensitive data) provide\nadditional infrastructure to increase the security of your remember cookies.', 'login_manager.anonymous_user = MyAnonymousUser\n\n\nRemember Me\n===========\nBy default, when the user closes their browser the Flask Session is deleted\nand the user is logged out. ""Remember Me"" prevents the user from accidentally\nbeing logged out when they close their browser. This does **NOT** mean\nremembering or pre-filling the user\'s username or password in a login form\nafter the user has logged out.']","`flask‑login` keeps track of the logged‑in user by storing the user’s ID in the Flask **session** (a signed cookie). That session data is sent with each request, allowing Flask‑Login to recognize and “remember” the user across requests.",`flask-login` stores the user's ID inside the Flask `session` dictionary (which is backed by a secure cookie) under the key `_user_id`.,0.0,0.7838886803497543,0.9999999999,1.0
How does Flask-Login conceptually distinguish a 'fresh' login session from a 'non-fresh' session? What utility decorator protects sensitive actions like updating password or personal settings?,"['# flask 1.x compatibility\n        # current_app.ensure_sync is only available in Flask >= 2.0\n        if callable(getattr(current_app, ""ensure_sync"", None)):\n            return current_app.ensure_sync(func)(*args, **kwargs)\n        return func(*args, **kwargs)\n\n    return decorated_view\n\n\ndef fresh_login_required(func):\n    """"""\n    If you decorate a view with this, it will ensure that the current user\'s\n    login is fresh - i.e. their session was not restored from a \'remember me\'\n    cookie. Sensitive operations, like changing a password or e-mail, should\n    be protected with this, to impede the efforts of cookie thieves.\n\n    If the user is not authenticated, :meth:`LoginManager.unauthorized` is\n    called as normal. If they are authenticated, but their session is not\n    fresh, it will call :meth:`LoginManager.needs_refresh` instead. (In that\n    case, you will need to provide a :attr:`LoginManager.refresh_view`.)', 'Fresh Logins\n============\nWhen a user logs in, their session is marked as ""fresh,"" which indicates that\nthey actually authenticated on that session. When their session is destroyed\nand they are logged back in with a ""remember me"" cookie, it is marked as\n""non-fresh."" `login_required` does not differentiate between freshness, which\nis fine for most pages. However, sensitive actions like changing one\'s\npersonal information should require a fresh login. (Actions like changing\none\'s password should always require a password re-entry regardless.)\n\n`fresh_login_required`, in addition to verifying that the user is logged\nin, will also ensure that their login is fresh. If not, it will send them to\na page where they can re-enter their credentials. You can customize its\nbehavior in the same ways as you can customize `login_required`, by setting\n`LoginManager.refresh_view`, `~LoginManager.needs_refresh_message`, and\n`~LoginManager.needs_refresh_message_category`::', '.. data:: session_protected\n\n   Sent whenever session protection takes effect, and a session is either\n   marked non-fresh or deleted. It receives no additional arguments besides\n   the app.\n\n.. _source code: https://github.com/maxcountryman/flask-login/tree/main/src/flask_login\n.. _Flask documentation on signals: https://flask.palletsprojects.com/en/latest/signals/\n.. _this Flask Snippet: https://web.archive.org/web/20120517003641/http://flask.pocoo.org/snippets/62/\n.. _Flask Session: https://flask.palletsprojects.com/en/latest/api/#sessions\n.. _Flask documentation on sessions: https://flask.palletsprojects.com/en/latest/quickstart/#sessions', 'from flask_login import AnonymousUserMixin\nfrom flask_login import confirm_login\nfrom flask_login import current_user\nfrom flask_login import decode_cookie\nfrom flask_login import encode_cookie\nfrom flask_login import FlaskLoginClient\nfrom flask_login import fresh_login_required\nfrom flask_login import login_fresh\nfrom flask_login import login_remembered\nfrom flask_login import login_required\nfrom flask_login import login_url\nfrom flask_login import login_user\nfrom flask_login import LoginManager\nfrom flask_login import logout_user\nfrom flask_login import make_next_param\nfrom flask_login import session_protected\nfrom flask_login import set_login_view\nfrom flask_login import user_accessed\nfrom flask_login import user_loaded_from_cookie\nfrom flask_login import user_loaded_from_request\nfrom flask_login import user_logged_in\nfrom flask_login import user_logged_out\nfrom flask_login import user_login_confirmed\nfrom flask_login import user_needs_refresh']","Flask‑Login treats a **“fresh”** login as one that was created by the user actually entering their credentials during the current session.  
When the user later closes the browser and is logged back in automatically by a **“remember‑me”** cookie, the session is marked **non‑fresh** (it was restored without a fresh credential check).

To protect operations that should only be performed after a recent credential check—such as changing a password or updating personal settings—Flask‑Login provides the **`@fresh_login_required`** decorator. This decorator first ensures the user is authenticated and then verifies that the login is fresh; if it is not, the user is redirected to a view where they must re‑authenticate.",A session is marked 'fresh' when a user initially authenticates within that session. It becomes 'non-fresh' when the session is closed and subsequently restored automatically via a 'remember me' cookie. Sensitive routes can be explicitly protected using the `fresh_login_required` decorator.,1.0,0.697730818308879,0.99999999995,1.0
"From a high-level architectural perspective, when Flask-Login needs to resolve who the current user is for an incoming request, what are the three distinct fallback mechanisms it checks, and in what order?","['if user is None:\n            user = self.anonymous_user()\n\n        g._login_user = user\n\n    def _load_user(self):\n        """"""Loads user from session or remember_me cookie as applicable""""""\n\n        if self._user_callback is None and self._request_callback is None:\n            raise Exception(\n                ""Missing user_loader or request_loader. Refer to ""\n                ""http://flask-login.readthedocs.io/#how-it-works ""\n                ""for more info.""\n            )\n\n        user_accessed.send(current_app._get_current_object())\n\n        # Check SESSION_PROTECTION\n        if self._session_protection_failed():\n            return self._update_request_context_with_user()\n\n        user = None\n\n        # Load user from Flask Session\n        user_id = session.get(""_user_id"")\n        if user_id is not None and self._user_callback is not None:\n            user = self._user_callback(user_id)', 'from flask.testing import FlaskClient\n\n\nclass FlaskLoginClient(FlaskClient):\n    """"""\n    A Flask test client that knows how to log in users\n    using the Flask-Login extension.\n    """"""\n\n    def __init__(self, *args, **kwargs):\n        user = kwargs.pop(""user"", None)\n        fresh = kwargs.pop(""fresh_login"", True)\n\n        super().__init__(*args, **kwargs)\n\n        if user:\n            with self.session_transaction() as sess:\n                sess[""_user_id""] = user.get_id()\n                sess[""_fresh""] = fresh', '===========\nFlask-Login\n===========\n.. currentmodule:: flask_login\n\nFlask-Login provides user session management for Flask. It handles the common\ntasks of logging in, logging out, and remembering your users\' sessions over\nextended periods of time.\n\nIt will:\n\n- Store the active user\'s ID in the `Flask Session`_, and let you easily log\n  them in and out.\n- Let you restrict views to logged-in (or logged-out) users. (`login_required`)\n- Handle the normally-tricky ""remember me"" functionality.\n- Help protect your users\' sessions from being stolen by cookie thieves.\n\nHowever, it does not:\n\n- Impose a particular database or other storage method on you. You are\n  entirely in charge of how the user is loaded.\n- Restrict you to using usernames and passwords, OpenIDs, or any other method\n  of authenticating.\n- Handle permissions beyond ""logged in or not.""\n- Handle user registration or account recovery.\n\n\nInstallation\n============\nInstall the extension with pip::\n\n    $ pip install flask-login', '# Flask-Login\n\nFlask-Login provides user session management for [Flask][]. It handles the common\ntasks of logging in, logging out, and remembering your users\' sessions over\nextended periods of time.\n\nFlask-Login is not bound to any particular database system or permissions\nmodel. The only requirement is that your user objects implement a few methods,\nand that you provide a callback to the extension capable of loading users from\ntheir ID.\n\nRead the documentation at <https://flask-login.readthedocs.io>.\n\n[Flask]: https://flask.palletsprojects.com\n\n\n## A Basic Example\n\nLet\'s walk through setting up a basic application. Note that this is a very basic guide:\nwe will be taking shortcuts here that you should never take in a real application.\n\nTo begin we\'ll set up a Flask app and a `LoginManager` from Flask-Login.\n\n```python\nimport flask\nimport flask_login\n\napp = flask.Flask(__name__)\napp.secret_key = ""super secret string""  # Change this!']","When Flask‑Login has to figure out *“who is the current user?”* it tries three different sources, one after the other, falling back to the next one only if the previous one didn’t yield a user.

1. **Request‑loader callback** – If a *request loader* (`@login_manager.request_loader`) has been supplied, Flask‑Login calls it first. This lets the application decide the user based on the incoming request (e.g., an API token in a header).

2. **Session‑loader callback** – If the request loader returns `None`, Flask‑Login looks in the Flask session for the key `""_user_id""` and, if present, calls the *user loader* (`@login_manager.user_loader`) with that ID to retrieve the user object.

3. **Remember‑me cookie** – If the session does not contain a user ID (or the user loader fails), Flask‑Login finally checks the “remember‑me” cookie. If a valid remember token is found, it loads the corresponding user and restores the login state.

So the order of fallback checks is:

**request loader → session user‑loader → remember‑me cookie**.","When resolving the current user, the system first checks the active Flask Session for a `_user_id`. If the session is empty, it falls back to checking for a valid 'Remember Me' cookie on the user's browser. If that cookie is also missing or invalid, the final fallback is to check if a custom `request_loader` callback has been defined to load the user directly from the incoming HTTP request data (such as an API token header).",0.125,0.6904135098025244,0.9999999999,1.0
